artist,album,format,price_rub,old_price_rub,discount_pct,reviews,stock_left,screen_ts,source
Михаил Круг,Жиган-Лимон,LP,3441,,,713,,2026-09-06T21:05,ozon
Король и Шут,Официальный саундтрек Часть 1,LP Black,4643,7200,35,293,35,2026-09-06T21:05,ozon
Эдуард Артемьев,Встреча,LP,3909,9000,56,250,17,2026-09-06T21:05,ozon
Depeche Mode,Violator (новая запечатанная),LP,5451,,,194,,2026-09-06T21:05,ozon
Depeche Mode,Violator,LP,4891,,,159,,2026-09-06T21:05,ozon
Борис Гребенщиков,Знак Огня,LP,3168,,,158,1,2026-09-06T21:05,ozon
Antonio Vivaldi,The Four Seasons,LP,4555,,,152,9,2026-09-06T21:05,ozon
Sandra,The Very Best Of Sandra (2024),2LP Black,6188,11250,44,146,,2026-09-06T21:05,ozon
Игорь Тальков,Лучшие песни,LP,4584,,,130,,2026-09-06T21:05,ozon
Adriano Celentano,Golden,LP,3661,6599,44,129,21,2026-09-06T21:05,ozon
Король и Шут,Лучшее,2LP Gold-Silver,7961,20799,61,129,17,2026-09-06T21:05,ozon
Децл,Кто? Ты,LP Black,3635,6920,47,127,58,2026-09-06T21:05,ozon
Nirvana,Nevermind (новая запечатанная),LP,5444,,,126,,2026-09-06T21:05,ozon
Кино,Звезда по имени Солнце,LP,4374,6940,36,122,5,2026-09-06T21:05,ozon
Кукрыниксы,Последняя песня,3LP 180g Gatefold,5992,10900,45,114,2,2026-09-06T21:05,ozon
Браво,На перекрестках весны,LP Black,4009,6250,35,110,5,2026-09-06T21:05,ozon
Depeche Mode,Live At Hammersmith Odeon,LP,2622,3799,30,99,21,2026-09-06T21:05,ozon
Sade,The Best Of Sade,2LP,5121,,,96,9,2026-09-06T21:05,ozon
Браво,Бравоспектива,2LP Black,4844,7500,35,,9,2026-09-06T21:05,ozon
AC/DC,Highway To Hell,LP,4385,,,,8,2026-09-06T21:05,ozon
Michael Jackson,Thriller (88875143731),LP,4878,,,96,10,2026-09-06T21:05,ozon
Bad Boys Blue,Hot Girls Bad Boys,LP,3702,5844,36,95,12,2026-09-06T21:05,ozon
System Of A Down,Toxicity,LP,4550,17247,73,95,13,2026-09-06T21:05,ozon
Radiorama,Super Hits,LP,4573,,,95,1,2026-09-06T21:05,ozon
Pink Floyd,The Dark Side Of The Moon (50th Anniversary),LP,5743,,,94,,2026-09-06T21:06,ozon
Depeche Mode,Violator (Reissue),LP,5462,,,93,4,2026-09-06T21:06,ozon
Live History Records,Drum and Bass LHRV10,LP,6141,11000,44,93,,2026-09-06T21:06,ozon
Holly Jolly Days,Новогодняя Color,LP,2557,,,92,,2026-09-06T21:06,ozon
Louis Armstrong,The Platinum Collection,3LP White,5281,9999,47,89,3,2026-09-06T21:06,ozon
Би-2,Аллилуйя,2LP,6147,,,87,1,2026-09-06T21:06,ozon
Смешарики,Смешарики 20,LP,7643,,,,,2026-09-06T21:06,ozon
Би-2,Би-2 с Симфоническим оркестром,LP,7977,,,,,2026-09-06T21:06,ozon
Ozzy Osbourne,No More Tears (30th Anniversary),LP,5542,,,85,,2026-09-06T21:10,ozon
Евгений Крылатов,Гостья из будущего,LP,4507,,,83,5,2026-09-06T21:10,ozon
Владимир Быстряков,Остров Сокровищ (песни из мультфильма),LP,5420,9224,41,81,,2026-09-06T21:10,ozon
Ozzy Osbourne,Bark At The Moon,LP,3571,,,80,,2026-09-06T21:10,ozon
Linkin Park,Hybrid Theory (Reissue Gatefold),LP,3535,9489,62,79,,2026-09-06T21:10,ozon
Joy Division,Unknown Pleasures,LP,4621,,,78,10,2026-09-06T21:10,ozon
Depeche Mode,Violator,LP,5673,,,76,,2026-09-06T21:10,ozon
Владимир Высоцкий,Концерт № 2 Спасите наши души,LP,1042,,,76,2,2026-09-06T21:10,ozon
Led Zeppelin,Led Zeppelin,LP,3481,7099,50,75,12,2026-09-06T21:10,ozon
Metallica,Ride The Lightning (180g Remastered),LP,5451,,,72,,2026-09-06T21:10,ozon
Pink Floyd,The Dark Side Of The Moon (50th Anniversary),LP,4556,11699,61,72,12,2026-09-06T21:10,ozon
AC/DC,Back In Black (Reissue Remastered 180g),LP,5259,,,71,,2026-09-06T21:10,ozon
Frank Sinatra,The Platinum Collection (европейское),3LP,5696,13259,57,70,15,2026-09-06T21:11,ozon
Live History Records,Drum and Bass LHRV11,LP,3948,,,69,,2026-09-06T21:11,ozon
Пилот,Рыба Крот И Свинья,2LP+CD,5858,,,67,2,2026-09-06T21:11,ozon
AC/DC,Highway to Hell (Remastered Stereo),LP,5462,,,67,,2026-09-06T21:11,ozon
Vocal Jazz,Jazz For Lovers (Ray Charles Etta James Doris Day),LP,2611,,,67,,2026-09-06T21:11,ozon
Tyler The Creator,Igor,LP,3529,5910,40,67,9,2026-09-06T21:11,ozon
Владимир Высоцкий,На концертах Владимира Высоцкого 5,LP,1170,10000,88,,2,2026-09-06T21:11,ozon
Joe Cocker,The Life Of A Man - The Ultimate Hits,LP,5451,,,,,2026-09-06T21:11,ozon
Depeche Mode,Violator (88985336751),LP,4687,,,66,10,2026-09-06T21:14,ozon
Кино,Группа крови,LP,4418,7010,36,65,1,2026-09-06T21:14,ozon
Dee D. Jackson,Cosmic Curves (1978/2022 Violet Vinyl),LP,4838,7500,35,65,,2026-09-06T21:14,ozon
Linkin Park,Hybrid Theory,LP,5229,,,64,6,2026-09-06T21:14,ozon
Savage,Tonight (1983/2021 Green Vinyl),LP,4837,,,63,,2026-09-06T21:14,ozon
Led Zeppelin,Led Zeppelin II,LP,4381,,,63,,2026-09-06T21:14,ozon
Звери,Районы-Кварталы,2LP,4185,7050,40,63,237,2026-09-06T21:14,ozon
Ария,Ночь Короче Дня (Limited Edition Reissue),LP,4229,8579,50,61,1,2026-09-06T21:14,ozon
Линда,Песни тибетских лам (1994/2023 Black Vinyl),LP,4838,7500,35,61,,2026-09-06T21:14,ozon
System Of A Down,Toxicity,LP,3998,,,60,7,2026-09-06T21:14,ozon
Lana Del Rey,Ultraviolence Deluxe Vinyl Edition,2LP,6300,11650,45,60,5,2026-09-06T21:14,ozon
Pink Floyd,Wish You Were Here (Remastered Repress 180g),LP,5765,12219,52,60,1,2026-09-06T21:14,ozon
Кино,Звезда по имени Солнце (2012 Moroz),LP,4189,,,60,,2026-09-06T21:15,ozon
Dirty Dancing,Original Soundtrack,LP,4507,6900,34,60,6,2026-09-06T21:15,ozon
Linkin Park,Hybrid Theory (340282),LP,3812,10475,63,60,,2026-09-06T21:15,ozon
Джаз,Сборник (Sinatra Simone Peggy Lee),LP,2611,2959,11,59,,2026-09-06T21:15,ozon
Fancy,Super Hits,LP,3264,11664,72,59,,2026-09-06T21:15,ozon
Включай микрофон!,Непотопляемое (Greatest Hits),LP,2687,3675,26,59,41,2026-09-06T21:15,ozon
Scorpions,Pure Instinct,LP,5806,35000,83,58,6,2026-09-06T21:15,ozon
Scorpions,Acoustica,2LP,5121,,,58,,2026-09-06T21:15,ozon
